Model,Runtime (small),Shelves (small),Distance (small),Runtime (medium),Shelves (medium),Distance (medium),Runtime (large),Shelves (large),Distance (large)
Local_Search_Two_Opt,0.000068,19,365.500000,0.001651,100,831.300000,0.033545,399,1597.300000
Greedy_Local_Search,0.000131,19,376.700000,0.002585,99,929.100000,0.048416,397,1777.800000
DP_Greedy_Two_Opt,0.000069,19,357.100000,0.002111,100,819.400000,0.041992,399,1581.200000
Greedy,0.000123,19,376.700000,0.002526,99,929.100000,0.037710,397,1777.800000
DP_Greedy,0.000032,19,376.600000,0.000405,100,931.500000,0.004863,399,1783.300000
